You,Reviewer 1,Reviewer 2,Reviewer 3
saa180013,aks210003,hxc180044,svl180002
zma180000,sjp180002,bpd180000,lcl180002
sca180003,bzc180000,axg180112,axr190125
sba190007,amn190000,hcv180000,bho180000
msa200007,mxs170018,sjp180002,saa180013
axb200075,nxt180011,klk170230,asv180003
rcb170002,kjz190000,rdg170330,pjm190001
bmb180001,bmh180001,axr190125,dxo200006
kxc180021,jao180007,msa200007,aks210003
ajc200002,fxt190006,jtt190006,asg180005
bzc180000,axr190125,sew190000,kys180001
hxc180044,dxo200006,nxt180011,srm190013
rxd180029,axb200075,cmb170000,mdp180000
rtd180003,rcb170002,ldn190002,rxd180029
bpd180000,imr180000,msm180010,axv180035
rcd180001,ldn190002,kar180005,vss180000
sgg180002,pjm190001,axb200075,hxc180044
sxg180113,lcl180002,zma180000,jtt190006
qtg190000,msm180010,amn190000,bmh180001
axg180112,srs200003,nmk180004,bzc180000
rdg170330,rtd180003,dxo200006,jcy180000
asg180005,cmb170000,azs180003,sjp180002
bmh180001,sew190000,gvs180000,avp180003
acj190005,sxs200209,avp180003,ldn190002
sxj170022,ats190003,vss180000,axb200075
aej190000,rxd180029,mxs170018,txp200011
mxk190078,vxp200027,fxt190006,imr180000
nmk180004,pbp180000,kys180001,sgg180002
klk170230,hxn190009,bmh180001,acj190005
nxl180013,txp200011,aej190000,bpd180000
lcl180002,rcd180001,nxl180013,msm180010
svl180002,asv180003,axv180035,kxc180021
pjm190001,hcv180000,bmb180001,nxt180011
ksm180006,sxj170022,txp200011,srs200003
msm180010,sba190007,lcl180002,pbp180000
srm190013,nmk180004,sgg180002,jao180007
hbm170002,kar180005,sxj170022,rdg170330
amn190000,kxn180023,rcb170002,sxg180113
hxn190009,sxg180113,jao180007,hbm170002
kxn180023,bho180000,rxd180029,nmk180004
ldn190002,jtt190006,pjm190001,rcb170002
bho180000,aej190000,vxp200027,sxj170022
dxo200006,avp180003,pbp180000,axg180112
jao180007,saa180013,imr180000,vxp200027
txp200011,jcy180000,srs200003,cmb170000
pbp180000,mdp180000,sca180003,gvs180000
sjp180002,kys180001,saa180013,sba190007
avp180003,axg180112,sxg180113,hxn190009
mdp180000,qtg190000,ksm180006,rcd180001
vxp200027,klk170230,srm190013,sca180003
imr180000,axv180035,rcd180001,nxw180009
kar180005,msa200007,nxw180009,rtd180003
axr190125,gvs180000,sxs200209,mxs170018
gvs180000,hxc180044,mxk190078,ajc200002
mxs170018,ksm180006,bho180000,azs180003
ats190003,vss180000,rtd180003,nxl180013
sxs200209,svl180002,hxn190009,sew190000
kys180001,mxk190078,hbm170002,ksm180006
aks210003,azs180003,acj190005,aej190000
srs200003,sgg180002,asv180003,mxk190078
vss180000,bpd180000,kxc180021,fxt190006
azs180003,bmb180001,sba190007,ats190003
fxt190006,srm190013,ats190003,qtg190000
nxt180011,asg180005,kxn180023,amn190000
jtt190006,nxl180013,aks210003,kjz190000
hcv180000,sca180003,jcy180000,klk170230
asv180003,kxc180021,kjz190000,sxs200209
axv180035,ajc200002,mdp180000,kar180005
nxw180009,rdg170330,qtg190000,zma180000
cmb170000,zma180000,asg180005,msa200007
sew190000,acj190005,svl180002,hcv180000
jcy180000,hbm170002,ajc200002,kxn180023
kjz190000,nxw180009,bzc180000,bmb180001